Shawn,Lord,shawn.lord@example.com,birthday1,$2b$10$OxGUOecMT6MVxc0DmAD5/.S9a5psgbtK36rNpyz7blVPjhSsMMS5m,https://randomuser.me/api/portraits/men/79.jpg,IE
Rémi,Roy,remi.roy@example.com,impact,$2b$10$JjszQMAPYisZL69N6qJoQ.Faq/0lI2uh41gvjOzIAh5zW7n1z5lR2,https://randomuser.me/api/portraits/men/74.jpg,FR
Özsu,Koyuncu,ozsu.koyuncu@example.com,cumcum,$2b$10$JAKqffc11/teQ25rH4iYLOTYoCGHWhV.jNTbjvaWdk6Kk5wI64lty,https://randomuser.me/api/portraits/women/16.jpg,TR
Heidi,Roberts,heidi.roberts@example.com,marcus,$2b$10$q7u/rH.jKN/e4CrIQ.EQ/uJUgB7zoB68Y1DhCS0yK0ErniYjWX7G.,https://randomuser.me/api/portraits/women/65.jpg,AU
Grace,Lewis,grace.lewis@example.com,tommyboy,$2b$10$p6KQoEWAGzp1LkUDkFb5WuSvQfDEaldYttc2DiS1QAPx5bG9uF72W,https://randomuser.me/api/portraits/women/64.jpg,NZ
Theodore,Mason,theodore.mason@example.com,heather1,$2b$10$wJfsEQpiS8k6yoosaA9gU.Ea4H1trtc1Lar6U.EWNxX846Vftfvl6,https://randomuser.me/api/portraits/men/36.jpg,IE
Benjamin,Rasmussen,benjamin.rasmussen@example.com,bessie,$2b$10$/GYNXpK3DuI1UQmRmIP9Pe8HuS3k5UaFThO0qkd2T1XyctpHVcORC,https://randomuser.me/api/portraits/men/76.jpg,DK
Gabriel,Hall,gabriel.hall@example.com,porsche1,$2b$10$C7.SERTRVQTullRv3L1hZuICOETVJdmssIrNUmf0cD.OI6oIdWJ/W,https://randomuser.me/api/portraits/men/85.jpg,AU
Alice,Gauthier,alice.gauthier@example.com,lifehack,$2b$10$pIFMTYUTDzd8ZFpVIvQac.JCoxeQGpeJ20gFzcNclZt6hiR.ro8he,https://randomuser.me/api/portraits/women/30.jpg,CA
Rachel,Watson,rachel.watson@example.com,goober,$2b$10$4sc7Ry7/tkhCvWLDkfAUKeFEYQilkQY0cgRU7RWJZC1vrQBWI7RYC,https://randomuser.me/api/portraits/women/76.jpg,US
Ricardo,Berry,ricardo.berry@example.com,blast,$2b$10$SWQTEJX8Vv43xPS.7Goja.kr/8qiSfZrvlMyI4pdbJ6iLrBPbsXhi,https://randomuser.me/api/portraits/men/47.jpg,GB
Matthew,Killi,matthew.killi@example.com,elliott,$2b$10$SPefytFCICBpZGmsoH6NH.Cltubu0rTcH2Ce85z5gaE8eoauIiqha,https://randomuser.me/api/portraits/men/46.jpg,NO
Lylou,Roux,lylou.roux@example.com,ning,$2b$10$TMz7A06T1P2frjD4Hpmwp.YEV3Lt3xboHNdzD6vwDJsKh0FTb9OAa,https://randomuser.me/api/portraits/women/63.jpg,FR
Emma,Wang,emma.wang@example.com,stacey,$2b$10$uyGba.jdqbV9InVAz9.Jk.HVPX.GuykGNI.13A8a18cpMrG2M8aty,https://randomuser.me/api/portraits/women/50.jpg,NZ
Mikael,Ylitalo,mikael.ylitalo@example.com,hotone,$2b$10$5xFhkjM/9Tfv8tH9rw8ZA.mnpCm0uNQWGu8LzaLkd7N5lro8mINHe,https://randomuser.me/api/portraits/men/49.jpg,FI
